[{"model": "admin.logentry", "pk": 1, "fields": {"action_time": "2021-02-17T20:46:18.396Z", "user": 1, "content_type": 7, "object_id": "1", "object_repr": "Закуски:1", "action_flag": 1, "change_message": "[{\"added\": {}}]"}}, {"model": "admin.logentry", "pk": 2, "fields": {"action_time": "2021-02-17T20:46:59.451Z", "user": 1, "content_type": 7, "object_id": "2", "object_repr": "Основные блюда:2", "action_flag": 1, "change_message": "[{\"added\": {}}]"}}, {"model": "admin.logentry", "pk": 3, "fields": {"action_time": "2021-02-17T20:47:26.426Z", "user": 1, "content_type": 7, "object_id": "3", "object_repr": "Гарниры:3", "action_flag": 1, "change_message": "[{\"added\": {}}]"}}, {"model": "admin.logentry", "pk": 4, "fields": {"action_time": "2021-02-17T20:47:39.775Z", "user": 1, "content_type": 7, "object_id": "4", "object_repr": "Десерты:4", "action_flag": 1, "change_message": "[{\"added\": {}}]"}}, {"model": "admin.logentry", "pk": 5, "fields": {"action_time": "2021-02-18T17:31:14.902Z", "user": 1, "content_type": 8, "object_id": "1", "object_repr": "Стаканы: 50", "action_flag": 1, "change_message": "[{\"added\": {}}]"}}, {"model": "admin.logentry", "pk": 6, "fields": {"action_time": "2021-02-18T17:31:52.681Z", "user": 1, "content_type": 8, "object_id": "2", "object_repr": "Бутерброды: 100", "action_flag": 1, "change_message": "[{\"added\": {}}]"}}, {"model": "admin.logentry", "pk": 7, "fields": {"action_time": "2021-02-18T17:32:32.575Z", "user": 1, "content_type": 8, "object_id": "3", "object_repr": "Паста: 150", "action_flag": 1, "change_message": "[{\"added\": {}}]"}}, {"model": "admin.logentry", "pk": 8, "fields": {"action_time": "2021-02-18T17:33:13.965Z", "user": 1, "content_type": 8, "object_id": "4", "object_repr": "Морепродукты: 200", "action_flag": 1, "change_message": "[{\"added\": {}}]"}}, {"model": "admin.logentry", "pk": 9, "fields": {"action_time": "2021-02-18T17:33:52.282Z", "user": 1, "content_type": 8, "object_id": "5", "object_repr": "Картофель: 80", "action_flag": 1, "change_message": "[{\"added\": {}}]"}}, {"model": "admin.logentry", "pk": 10, "fields": {"action_time": "2021-02-18T17:34:22.286Z", "user": 1, "content_type": 8, "object_id": "6", "object_repr": "Овощи: 75", "action_flag": 1, "change_message": "[{\"added\": {}}]"}}, {"model": "admin.logentry", "pk": 11, "fields": {"action_time": "2021-02-18T17:35:06.182Z", "user": 1, "content_type": 8, "object_id": "7", "object_repr": "Тирамису: 130", "action_flag": 1, "change_message": "[{\"added\": {}}]"}}, {"model": "admin.logentry", "pk": 12, "fields": {"action_time": "2021-02-18T17:35:34.204Z", "user": 1, "content_type": 8, "object_id": "8", "object_repr": "Торт: 120", "action_flag": 1, "change_message": "[{\"added\": {}}]"}}, {"model": "admin.logentry", "pk": 13, "fields": {"action_time": "2021-02-18T18:30:22.431Z", "user": 1, "content_type": 7, "object_id": "5", "object_repr": "Особенное меню:5", "action_flag": 1, "change_message": "[{\"added\": {}}]"}}, {"model": "admin.logentry", "pk": 14, "fields": {"action_time": "2021-02-18T18:32:46.276Z", "user": 1, "content_type": 8, "object_id": "9", "object_repr": "Розочки: 70", "action_flag": 1, "change_message": "[{\"added\": {}}]"}}, {"model": "admin.logentry", "pk": 15, "fields": {"action_time": "2021-02-18T18:33:30.934Z", "user": 1, "content_type": 8, "object_id": "10", "object_repr": "Пряники: 80", "action_flag": 1, "change_message": "[{\"added\": {}}]"}}, {"model": "admin.logentry", "pk": 16, "fields": {"action_time": "2021-02-18T18:34:06.810Z", "user": 1, "content_type": 8, "object_id": "11", "object_repr": "Печенье: 65", "action_flag": 1, "change_message": "[{\"added\": {}}]"}}, {"model": "admin.logentry", "pk": 17, "fields": {"action_time": "2021-02-18T18:35:50.558Z", "user": 1, "content_type": 7, "object_id": "5", "object_repr": "Особенное меню:5", "action_flag": 2, "change_message": "[{\"changed\": {\"fields\": [\"Is visible\"]}}]"}}, {"model": "admin.logentry", "pk": 18, "fields": {"action_time": "2021-02-18T18:36:07.464Z", "user": 1, "content_type": 7, "object_id": "5", "object_repr": "Особенное меню:5", "action_flag": 2, "change_message": "[]"}}, {"model": "admin.logentry", "pk": 19, "fields": {"action_time": "2021-02-18T18:36:41.274Z", "user": 1, "content_type": 8, "object_id": "10", "object_repr": "Пряники: 80.00", "action_flag": 2, "change_message": "[]"}}, {"model": "admin.logentry", "pk": 20, "fields": {"action_time": "2021-02-23T18:00:17.256Z", "user": 1, "content_type": 12, "object_id": "1", "object_repr": "Team object (1)", "action_flag": 1, "change_message": "[{\"added\": {}}]"}}, {"model": "admin.logentry", "pk": 21, "fields": {"action_time": "2021-02-23T18:01:07.801Z", "user": 1, "content_type": 9, "object_id": "1", "object_repr": "Info object (1)", "action_flag": 1, "change_message": "[{\"added\": {}}]"}}, {"model": "admin.logentry", "pk": 22, "fields": {"action_time": "2021-02-23T18:01:47.302Z", "user": 1, "content_type": 9, "object_id": "1", "object_repr": "Info object (1)", "action_flag": 2, "change_message": "[]"}}, {"model": "admin.logentry", "pk": 23, "fields": {"action_time": "2021-02-23T18:03:25.782Z", "user": 1, "content_type": 12, "object_id": "1", "object_repr": "Team object (1)", "action_flag": 2, "change_message": "[]"}}, {"model": "admin.logentry", "pk": 24, "fields": {"action_time": "2021-02-24T22:32:06.187Z", "user": 1, "content_type": 15, "object_id": "1", "object_repr": "Kyiv; Khreschatyk; 5", "action_flag": 1, "change_message": "[{\"added\": {}}]"}}, {"model": "admin.logentry", "pk": 25, "fields": {"action_time": "2021-02-24T22:32:32.925Z", "user": 1, "content_type": 15, "object_id": "2", "object_repr": "Kyiv; Saksaganskogo; 8", "action_flag": 1, "change_message": "[{\"added\": {}}]"}}, {"model": "admin.logentry", "pk": 26, "fields": {"action_time": "2021-02-24T22:33:02.958Z", "user": 1, "content_type": 15, "object_id": "3", "object_repr": "Lviv; Vyhovskoho; 12", "action_flag": 1, "change_message": "[{\"added\": {}}]"}}, {"model": "admin.logentry", "pk": 27, "fields": {"action_time": "2021-02-24T22:34:05.852Z", "user": 1, "content_type": 15, "object_id": "4", "object_repr": "Dnipro; Glinky; 11", "action_flag": 1, "change_message": "[{\"added\": {}}]"}}, {"model": "admin.logentry", "pk": 28, "fields": {"action_time": "2021-02-24T22:35:11.939Z", "user": 1, "content_type": 11, "object_id": "1", "object_repr": "Monday - 10:00 - 23:00", "action_flag": 1, "change_message": "[{\"added\": {}}]"}}, {"model": "admin.logentry", "pk": 29, "fields": {"action_time": "2021-02-24T22:36:26.788Z", "user": 1, "content_type": 13, "object_id": "1", "object_repr": "+380675447777", "action_flag": 1, "change_message": "[{\"added\": {}}]"}}, {"model": "admin.logentry", "pk": 30, "fields": {"action_time": "2021-02-24T22:37:27.396Z", "user": 1, "content_type": 13, "object_id": "2", "object_repr": "+380503727777", "action_flag": 1, "change_message": "[{\"added\": {}}]"}}, {"model": "admin.logentry", "pk": 31, "fields": {"action_time": "2021-02-24T22:37:39.980Z", "user": 1, "content_type": 13, "object_id": "3", "object_repr": "+380503721111", "action_flag": 1, "change_message": "[{\"added\": {}}]"}}, {"model": "admin.logentry", "pk": 32, "fields": {"action_time": "2021-02-24T22:37:47.716Z", "user": 1, "content_type": 13, "object_id": "4", "object_repr": "+380503723333", "action_flag": 1, "change_message": "[{\"added\": {}}]"}}, {"model": "admin.logentry", "pk": 33, "fields": {"action_time": "2021-02-24T22:38:06.192Z", "user": 1, "content_type": 14, "object_id": "1", "object_repr": "CafeInfo object (1)", "action_flag": 1, "change_message": "[{\"added\": {}}]"}}, {"model": "admin.logentry", "pk": 34, "fields": {"action_time": "2021-02-24T22:38:13.668Z", "user": 1, "content_type": 14, "object_id": "2", "object_repr": "CafeInfo object (2)", "action_flag": 1, "change_message": "[{\"added\": {}}]"}}, {"model": "admin.logentry", "pk": 35, "fields": {"action_time": "2021-02-24T22:38:23.509Z", "user": 1, "content_type": 14, "object_id": "3", "object_repr": "CafeInfo object (3)", "action_flag": 1, "change_message": "[{\"added\": {}}]"}}, {"model": "admin.logentry", "pk": 36, "fields": {"action_time": "2021-02-24T22:38:31.516Z", "user": 1, "content_type": 14, "object_id": "4", "object_repr": "CafeInfo object (4)", "action_flag": 1, "change_message": "[{\"added\": {}}]"}}, {"model": "admin.logentry", "pk": 37, "fields": {"action_time": "2021-02-24T22:39:02.730Z", "user": 1, "content_type": 11, "object_id": "2", "object_repr": "Tuesday - 10:00 - 23:00", "action_flag": 1, "change_message": "[{\"added\": {}}]"}}, {"model": "admin.logentry", "pk": 38, "fields": {"action_time": "2021-02-24T22:39:43.498Z", "user": 1, "content_type": 11, "object_id": "3", "object_repr": "Wednesday - 10:00 - 23:00", "action_flag": 1, "change_message": "[{\"added\": {}}]"}}, {"model": "admin.logentry", "pk": 39, "fields": {"action_time": "2021-02-24T22:40:02.011Z", "user": 1, "content_type": 11, "object_id": "4", "object_repr": "Thursday - 10:00 - 23:00", "action_flag": 1, "change_message": "[{\"added\": {}}]"}}, {"model": "admin.logentry", "pk": 40, "fields": {"action_time": "2021-02-24T22:40:26.379Z", "user": 1, "content_type": 11, "object_id": "5", "object_repr": "Friday - 09:00 - 24:00", "action_flag": 1, "change_message": "[{\"added\": {}}]"}}, {"model": "admin.logentry", "pk": 41, "fields": {"action_time": "2021-02-24T22:40:43.644Z", "user": 1, "content_type": 11, "object_id": "6", "object_repr": "Saturday - 09:00 - 24:00", "action_flag": 1, "change_message": "[{\"added\": {}}]"}}, {"model": "admin.logentry", "pk": 42, "fields": {"action_time": "2021-02-24T22:41:00.666Z", "user": 1, "content_type": 11, "object_id": "7", "object_repr": "Sunday - 09:00 - 24:00", "action_flag": 1, "change_message": "[{\"added\": {}}]"}}, {"model": "admin.logentry", "pk": 43, "fields": {"action_time": "2021-02-24T22:52:46.404Z", "user": 1, "content_type": 12, "object_id": "1", "object_repr": "Team object (1)", "action_flag": 2, "change_message": "[{\"changed\": {\"fields\": [\"Photo\"]}}]"}}, {"model": "admin.logentry", "pk": 44, "fields": {"action_time": "2021-02-24T22:59:59.384Z", "user": 1, "content_type": 12, "object_id": "1", "object_repr": "Team object (1)", "action_flag": 2, "change_message": "[{\"changed\": {\"fields\": [\"Photo\"]}}]"}}, {"model": "admin.logentry", "pk": 45, "fields": {"action_time": "2021-02-24T23:21:07.570Z", "user": 1, "content_type": 9, "object_id": "1", "object_repr": "Info object (1)", "action_flag": 2, "change_message": "[{\"changed\": {\"fields\": [\"Photo\"]}}]"}}, {"model": "admin.logentry", "pk": 46, "fields": {"action_time": "2021-02-24T23:27:28.820Z", "user": 1, "content_type": 9, "object_id": "1", "object_repr": "Info object (1)", "action_flag": 2, "change_message": "[{\"changed\": {\"fields\": [\"Photo\"]}}]"}}, {"model": "admin.logentry", "pk": 47, "fields": {"action_time": "2021-02-24T23:30:57.525Z", "user": 1, "content_type": 9, "object_id": "1", "object_repr": "Info object (1)", "action_flag": 2, "change_message": "[{\"changed\": {\"fields\": [\"Photo\"]}}]"}}, {"model": "admin.logentry", "pk": 48, "fields": {"action_time": "2021-02-24T23:36:01.113Z", "user": 1, "content_type": 9, "object_id": "1", "object_repr": "Info object (1)", "action_flag": 3, "change_message": ""}}, {"model": "admin.logentry", "pk": 49, "fields": {"action_time": "2021-02-24T23:36:34.187Z", "user": 1, "content_type": 9, "object_id": "2", "object_repr": "Info object (2)", "action_flag": 1, "change_message": "[{\"added\": {}}]"}}, {"model": "admin.logentry", "pk": 50, "fields": {"action_time": "2021-02-24T23:45:32.310Z", "user": 1, "content_type": 12, "object_id": "1", "object_repr": "Team object (1)", "action_flag": 2, "change_message": "[{\"changed\": {\"fields\": [\"Photo\"]}}]"}}, {"model": "admin.logentry", "pk": 51, "fields": {"action_time": "2021-02-24T23:45:54.461Z", "user": 1, "content_type": 9, "object_id": "2", "object_repr": "Info object (2)", "action_flag": 2, "change_message": "[{\"changed\": {\"fields\": [\"Photo\"]}}]"}}, {"model": "admin.logentry", "pk": 52, "fields": {"action_time": "2021-02-25T00:07:27.482Z", "user": 1, "content_type": 9, "object_id": "2", "object_repr": "Info object (2)", "action_flag": 2, "change_message": "[{\"changed\": {\"fields\": [\"Photo\"]}}]"}}, {"model": "admin.logentry", "pk": 53, "fields": {"action_time": "2021-02-25T00:16:58.349Z", "user": 1, "content_type": 9, "object_id": "2", "object_repr": "Info object (2)", "action_flag": 2, "change_message": "[{\"changed\": {\"fields\": [\"Photo\"]}}]"}}, {"model": "admin.logentry", "pk": 54, "fields": {"action_time": "2021-02-25T00:18:09.333Z", "user": 1, "content_type": 9, "object_id": "2", "object_repr": "Info object (2)", "action_flag": 2, "change_message": "[{\"changed\": {\"fields\": [\"Photo\"]}}]"}}, {"model": "admin.logentry", "pk": 55, "fields": {"action_time": "2021-02-25T00:26:40.726Z", "user": 1, "content_type": 9, "object_id": "2", "object_repr": "Info object (2)", "action_flag": 2, "change_message": "[{\"changed\": {\"fields\": [\"Photo\"]}}]"}}, {"model": "admin.logentry", "pk": 56, "fields": {"action_time": "2021-02-25T00:32:36.932Z", "user": 1, "content_type": 9, "object_id": "2", "object_repr": "Info object (2)", "action_flag": 2, "change_message": "[{\"changed\": {\"fields\": [\"Photo\"]}}]"}}, {"model": "admin.logentry", "pk": 57, "fields": {"action_time": "2021-02-25T00:34:42.754Z", "user": 1, "content_type": 9, "object_id": "2", "object_repr": "Info object (2)", "action_flag": 2, "change_message": "[{\"changed\": {\"fields\": [\"Photo\"]}}]"}}, {"model": "admin.logentry", "pk": 58, "fields": {"action_time": "2021-02-25T00:40:26.091Z", "user": 1, "content_type": 9, "object_id": "2", "object_repr": "Info object (2)", "action_flag": 2, "change_message": "[{\"changed\": {\"fields\": [\"Photo\"]}}]"}}, {"model": "admin.logentry", "pk": 59, "fields": {"action_time": "2021-02-25T00:42:00.156Z", "user": 1, "content_type": 9, "object_id": "2", "object_repr": "Info object (2)", "action_flag": 2, "change_message": "[{\"changed\": {\"fields\": [\"Photo\"]}}]"}}, {"model": "admin.logentry", "pk": 60, "fields": {"action_time": "2021-02-25T00:49:57.832Z", "user": 1, "content_type": 9, "object_id": "2", "object_repr": "Info object (2)", "action_flag": 2, "change_message": "[{\"changed\": {\"fields\": [\"Photo\"]}}]"}}, {"model": "admin.logentry", "pk": 61, "fields": {"action_time": "2021-02-25T01:35:24.087Z", "user": 1, "content_type": 11, "object_id": "7", "object_repr": "Воскресень - 09:00 - 24:00", "action_flag": 2, "change_message": "[{\"changed\": {\"fields\": [\"Day\"]}}]"}}, {"model": "admin.logentry", "pk": 62, "fields": {"action_time": "2021-02-25T01:35:33.159Z", "user": 1, "content_type": 11, "object_id": "6", "object_repr": "Суббота - 09:00 - 24:00", "action_flag": 2, "change_message": "[{\"changed\": {\"fields\": [\"Day\"]}}]"}}, {"model": "admin.logentry", "pk": 63, "fields": {"action_time": "2021-02-25T01:35:46.050Z", "user": 1, "content_type": 11, "object_id": "3", "object_repr": "Среда - 11:00 - 23:00", "action_flag": 2, "change_message": "[{\"changed\": {\"fields\": [\"Day\", \"Hours start\"]}}]"}}, {"model": "admin.logentry", "pk": 64, "fields": {"action_time": "2021-02-25T01:36:10.359Z", "user": 1, "content_type": 11, "object_id": "1", "object_repr": "Понедельни - 12:00 - 22:00", "action_flag": 2, "change_message": "[{\"changed\": {\"fields\": [\"Day\", \"Hours start\", \"Hours end\"]}}]"}}, {"model": "admin.logentry", "pk": 65, "fields": {"action_time": "2021-02-25T01:36:24.373Z", "user": 1, "content_type": 11, "object_id": "5", "object_repr": "Пятница - 09:00 - 24:00", "action_flag": 2, "change_message": "[{\"changed\": {\"fields\": [\"Day\"]}}]"}}, {"model": "admin.logentry", "pk": 66, "fields": {"action_time": "2021-02-25T01:36:39.333Z", "user": 1, "content_type": 11, "object_id": "4", "object_repr": "Четверг - 11:00 - 22:00", "action_flag": 2, "change_message": "[{\"changed\": {\"fields\": [\"Day\", \"Hours start\", \"Hours end\"]}}]"}}, {"model": "admin.logentry", "pk": 67, "fields": {"action_time": "2021-02-25T01:36:56.795Z", "user": 1, "content_type": 11, "object_id": "2", "object_repr": "Вторник - 11:00 - 24:00", "action_flag": 2, "change_message": "[{\"changed\": {\"fields\": [\"Day\", \"Hours start\", \"Hours end\"]}}]"}}, {"model": "admin.logentry", "pk": 68, "fields": {"action_time": "2021-02-25T01:38:08.375Z", "user": 1, "content_type": 11, "object_id": "7", "object_repr": "Воскресенье - 09:00 - 24:00", "action_flag": 2, "change_message": "[{\"changed\": {\"fields\": [\"Day\"]}}]"}}, {"model": "admin.logentry", "pk": 69, "fields": {"action_time": "2021-02-25T01:38:19.594Z", "user": 1, "content_type": 11, "object_id": "1", "object_repr": "Понедельник - 12:00 - 22:00", "action_flag": 2, "change_message": "[{\"changed\": {\"fields\": [\"Day\"]}}]"}}, {"model": "admin.logentry", "pk": 70, "fields": {"action_time": "2021-03-04T18:26:31.431Z", "user": 1, "content_type": 3, "object_id": "1", "object_repr": "manager", "action_flag": 1, "change_message": "[{\"added\": {}}]"}}, {"model": "admin.logentry", "pk": 71, "fields": {"action_time": "2021-03-04T18:26:54.170Z", "user": 1, "content_type": 4, "object_id": "2", "object_repr": "Oksana2", "action_flag": 2, "change_message": "[{\"changed\": {\"fields\": [\"Groups\"]}}]"}}, {"model": "admin.logentry", "pk": 72, "fields": {"action_time": "2021-03-16T15:53:43.589Z", "user": 1, "content_type": 7, "object_id": "6", "object_repr": "Основные блюда:2", "action_flag": 1, "change_message": "[{\"added\": {}}]"}}, {"model": "admin.logentry", "pk": 73, "fields": {"action_time": "2021-03-16T15:54:10.715Z", "user": 1, "content_type": 7, "object_id": "7", "object_repr": "Закуски:1", "action_flag": 1, "change_message": "[{\"added\": {}}]"}}, {"model": "admin.logentry", "pk": 74, "fields": {"action_time": "2021-03-16T15:55:48.566Z", "user": 1, "content_type": 8, "object_id": "12", "object_repr": "Паста: 100", "action_flag": 1, "change_message": "[{\"added\": {}}]"}}, {"model": "admin.logentry", "pk": 75, "fields": {"action_time": "2021-03-16T15:56:22.436Z", "user": 1, "content_type": 8, "object_id": "13", "object_repr": "Морепродукты: 300", "action_flag": 1, "change_message": "[{\"added\": {}}]"}}, {"model": "admin.logentry", "pk": 76, "fields": {"action_time": "2021-03-16T15:58:08.131Z", "user": 1, "content_type": 8, "object_id": "14", "object_repr": "Овощная закуска: 70", "action_flag": 1, "change_message": "[{\"added\": {}}]"}}, {"model": "admin.logentry", "pk": 77, "fields": {"action_time": "2021-03-16T16:04:07.340Z", "user": 1, "content_type": 8, "object_id": "15", "object_repr": "Бутерброды: 65", "action_flag": 1, "change_message": "[{\"added\": {}}]"}}, {"model": "auth.permission", "pk": 1, "fields": {"name": "Can add log entry", "content_type": 1, "codename": "add_logentry"}}, {"model": "auth.permission", "pk": 2, "fields": {"name": "Can change log entry", "content_type": 1, "codename": "change_logentry"}}, {"model": "auth.permission", "pk": 3, "fields": {"name": "Can delete log entry", "content_type": 1, "codename": "delete_logentry"}}, {"model": "auth.permission", "pk": 4, "fields": {"name": "Can view log entry", "content_type": 1, "codename": "view_logentry"}}, {"model": "auth.permission", "pk": 5, "fields": {"name": "Can add permission", "content_type": 2, "codename": "add_permission"}}, {"model": "auth.permission", "pk": 6, "fields": {"name": "Can change permission", "content_type": 2, "codename": "change_permission"}}, {"model": "auth.permission", "pk": 7, "fields": {"name": "Can delete permission", "content_type": 2, "codename": "delete_permission"}}, {"model": "auth.permission", "pk": 8, "fields": {"name": "Can view permission", "content_type": 2, "codename": "view_permission"}}, {"model": "auth.permission", "pk": 9, "fields": {"name": "Can add group", "content_type": 3, "codename": "add_group"}}, {"model": "auth.permission", "pk": 10, "fields": {"name": "Can change group", "content_type": 3, "codename": "change_group"}}, {"model": "auth.permission", "pk": 11, "fields": {"name": "Can delete group", "content_type": 3, "codename": "delete_group"}}, {"model": "auth.permission", "pk": 12, "fields": {"name": "Can view group", "content_type": 3, "codename": "view_group"}}, {"model": "auth.permission", "pk": 13, "fields": {"name": "Can add user", "content_type": 4, "codename": "add_user"}}, {"model": "auth.permission", "pk": 14, "fields": {"name": "Can change user", "content_type": 4, "codename": "change_user"}}, {"model": "auth.permission", "pk": 15, "fields": {"name": "Can delete user", "content_type": 4, "codename": "delete_user"}}, {"model": "auth.permission", "pk": 16, "fields": {"name": "Can view user", "content_type": 4, "codename": "view_user"}}, {"model": "auth.permission", "pk": 17, "fields": {"name": "Can add content type", "content_type": 5, "codename": "add_contenttype"}}, {"model": "auth.permission", "pk": 18, "fields": {"name": "Can change content type", "content_type": 5, "codename": "change_contenttype"}}, {"model": "auth.permission", "pk": 19, "fields": {"name": "Can delete content type", "content_type": 5, "codename": "delete_contenttype"}}, {"model": "auth.permission", "pk": 20, "fields": {"name": "Can view content type", "content_type": 5, "codename": "view_contenttype"}}, {"model": "auth.permission", "pk": 21, "fields": {"name": "Can add session", "content_type": 6, "codename": "add_session"}}, {"model": "auth.permission", "pk": 22, "fields": {"name": "Can change session", "content_type": 6, "codename": "change_session"}}, {"model": "auth.permission", "pk": 23, "fields": {"name": "Can delete session", "content_type": 6, "codename": "delete_session"}}, {"model": "auth.permission", "pk": 24, "fields": {"name": "Can view session", "content_type": 6, "codename": "view_session"}}, {"model": "auth.permission", "pk": 25, "fields": {"name": "Can add category", "content_type": 7, "codename": "add_category"}}, {"model": "auth.permission", "pk": 26, "fields": {"name": "Can change category", "content_type": 7, "codename": "change_category"}}, {"model": "auth.permission", "pk": 27, "fields": {"name": "Can delete category", "content_type": 7, "codename": "delete_category"}}, {"model": "auth.permission", "pk": 28, "fields": {"name": "Can view category", "content_type": 7, "codename": "view_category"}}, {"model": "auth.permission", "pk": 29, "fields": {"name": "Can add dish", "content_type": 8, "codename": "add_dish"}}, {"model": "auth.permission", "pk": 30, "fields": {"name": "Can change dish", "content_type": 8, "codename": "change_dish"}}, {"model": "auth.permission", "pk": 31, "fields": {"name": "Can delete dish", "content_type": 8, "codename": "delete_dish"}}, {"model": "auth.permission", "pk": 32, "fields": {"name": "Can view dish", "content_type": 8, "codename": "view_dish"}}, {"model": "auth.permission", "pk": 33, "fields": {"name": "Can add info", "content_type": 9, "codename": "add_info"}}, {"model": "auth.permission", "pk": 34, "fields": {"name": "Can change info", "content_type": 9, "codename": "change_info"}}, {"model": "auth.permission", "pk": 35, "fields": {"name": "Can delete info", "content_type": 9, "codename": "delete_info"}}, {"model": "auth.permission", "pk": 36, "fields": {"name": "Can view info", "content_type": 9, "codename": "view_info"}}, {"model": "auth.permission", "pk": 37, "fields": {"name": "Can add message", "content_type": 10, "codename": "add_message"}}, {"model": "auth.permission", "pk": 38, "fields": {"name": "Can change message", "content_type": 10, "codename": "change_message"}}, {"model": "auth.permission", "pk": 39, "fields": {"name": "Can delete message", "content_type": 10, "codename": "delete_message"}}, {"model": "auth.permission", "pk": 40, "fields": {"name": "Can view message", "content_type": 10, "codename": "view_message"}}, {"model": "auth.permission", "pk": 41, "fields": {"name": "Can add opening hours", "content_type": 11, "codename": "add_openinghours"}}, {"model": "auth.permission", "pk": 42, "fields": {"name": "Can change opening hours", "content_type": 11, "codename": "change_openinghours"}}, {"model": "auth.permission", "pk": 43, "fields": {"name": "Can delete opening hours", "content_type": 11, "codename": "delete_openinghours"}}, {"model": "auth.permission", "pk": 44, "fields": {"name": "Can view opening hours", "content_type": 11, "codename": "view_openinghours"}}, {"model": "auth.permission", "pk": 45, "fields": {"name": "Can add team", "content_type": 12, "codename": "add_team"}}, {"model": "auth.permission", "pk": 46, "fields": {"name": "Can change team", "content_type": 12, "codename": "change_team"}}, {"model": "auth.permission", "pk": 47, "fields": {"name": "Can delete team", "content_type": 12, "codename": "delete_team"}}, {"model": "auth.permission", "pk": 48, "fields": {"name": "Can view team", "content_type": 12, "codename": "view_team"}}, {"model": "auth.permission", "pk": 49, "fields": {"name": "Can add phone", "content_type": 13, "codename": "add_phone"}}, {"model": "auth.permission", "pk": 50, "fields": {"name": "Can change phone", "content_type": 13, "codename": "change_phone"}}, {"model": "auth.permission", "pk": 51, "fields": {"name": "Can delete phone", "content_type": 13, "codename": "delete_phone"}}, {"model": "auth.permission", "pk": 52, "fields": {"name": "Can view phone", "content_type": 13, "codename": "view_phone"}}, {"model": "auth.permission", "pk": 53, "fields": {"name": "Can add cafe info", "content_type": 14, "codename": "add_cafeinfo"}}, {"model": "auth.permission", "pk": 54, "fields": {"name": "Can change cafe info", "content_type": 14, "codename": "change_cafeinfo"}}, {"model": "auth.permission", "pk": 55, "fields": {"name": "Can delete cafe info", "content_type": 14, "codename": "delete_cafeinfo"}}, {"model": "auth.permission", "pk": 56, "fields": {"name": "Can view cafe info", "content_type": 14, "codename": "view_cafeinfo"}}, {"model": "auth.permission", "pk": 57, "fields": {"name": "Can add address", "content_type": 15, "codename": "add_address"}}, {"model": "auth.permission", "pk": 58, "fields": {"name": "Can change address", "content_type": 15, "codename": "change_address"}}, {"model": "auth.permission", "pk": 59, "fields": {"name": "Can delete address", "content_type": 15, "codename": "delete_address"}}, {"model": "auth.permission", "pk": 60, "fields": {"name": "Can view address", "content_type": 15, "codename": "view_address"}}, {"model": "auth.group", "pk": 1, "fields": {"name": "manager", "permissions": []}}, {"model": "auth.user", "pk": 1, "fields": {"password": "pbkdf2_sha256$216000$TjfxgSb18JIF$C4vENkPU9bMV2+qIx3Kkkst6Zpk6Q06hRrZgOhzRC1I=", "last_login": "2021-03-16T15:49:35.147Z", "is_superuser": true, "username": "OksanaChaika", "first_name": "", "last_name": "", "email": "oksana.chaika89@gmail.com", "is_staff": true, "is_active": true, "date_joined": "2021-02-16T18:43:18.424Z", "groups": [], "user_permissions": []}}, {"model": "auth.user", "pk": 2, "fields": {"password": "pbkdf2_sha256$216000$N02k7hOtH8DM$JZkAMGcL0nKX56lGbxnf45urP7KvWRTANxBjrZ5UpeE=", "last_login": "2021-03-04T18:39:42.207Z", "is_superuser": false, "username": "Oksana2", "first_name": "", "last_name": "", "email": "", "is_staff": false, "is_active": true, "date_joined": "2021-03-04T17:53:39Z", "groups": [1], "user_permissions": []}}, {"model": "sessions.session", "pk": "0ytxbco4ufsmmv0i7oxg90yn4fl1ul6t", "fields": {"session_data": ".eJxVjMEOwiAQRP-FsyGUxcJ69O43kIUFqRqalPZk_Hdp0oPeJvPezFt42tbit5YWP7G4iEGcfrtA8ZnqDvhB9T7LONd1mYLcFXnQJm8zp9f1cP8OCrXS1xBNdmhVVqSYRq0T6gEUjgTnaNglw5YAjAXugSiSxRAwO8JsexafL90gODw:1lCTfr:sHgQmVNo5Xa0DRcUyXrkk-YoRC-ZKq0QRWTh7DgeAhY", "expire_date": "2021-03-03T20:43:51.492Z"}}, {"model": "sessions.session", "pk": "n6ufpcpu0yf3dggkyzaylvaczjnrgi04", "fields": {"session_data": ".eJxVjMEOwiAQRP-FsyGUxcJ69O43kIUFqRqalPZk_Hdp0oPeJvPezFt42tbit5YWP7G4iEGcfrtA8ZnqDvhB9T7LONd1mYLcFXnQJm8zp9f1cP8OCrXS1xBNdmhVVqSYRq0T6gEUjgTnaNglw5YAjAXugSiSxRAwO8JsexafL90gODw:1lMBwt:xBsPBfI1eUIprwxeNMJIzMor_04k0y86vc7r0IFpyik", "expire_date": "2021-03-30T15:49:35.310Z"}}, {"model": "main_gusto.category", "pk": 3, "fields": {"title": "Гарниры", "photo": "media/images/categories/c289fab4-ee5d-4b43-b5ff-7fd2329f37c1.png", "category_order": 3, "is_visible": true}}, {"model": "main_gusto.category", "pk": 4, "fields": {"title": "Десерты", "photo": "media/images/categories/933f59d1-2a4e-4f4e-a37f-eeea0e138781.jpg", "category_order": 4, "is_visible": true}}, {"model": "main_gusto.category", "pk": 5, "fields": {"title": "Особенное меню", "photo": "media/images/categories/4d5f9fa6-238a-4b74-be60-eed8d1408312.jpg", "category_order": 5, "is_visible": false}}, {"model": "main_gusto.category", "pk": 6, "fields": {"title": "Основные блюда", "photo": "media/images/categories/a047afe3-657f-4c28-9c9b-0e5c3f317f71.jpg", "category_order": 2, "is_visible": true}}, {"model": "main_gusto.category", "pk": 7, "fields": {"title": "Закуски", "photo": "media/images/categories/276d3c16-7630-4769-a045-3975bba165f6.jpg", "category_order": 1, "is_visible": true}}, {"model": "main_gusto.dish", "pk": 5, "fields": {"title": "Картофель", "photo": "media/images/dishes/7b03e7f1-bc0e-444c-9b41-3063477fd795.jpg", "dish_order": 5, "is_visible": true, "price": "80.00", "desc": "Картофель жареный", "category": 3}}, {"model": "main_gusto.dish", "pk": 6, "fields": {"title": "Овощи", "photo": "media/images/dishes/574d13eb-31c9-4050-ab41-de7f36ff3c91.jpg", "dish_order": 6, "is_visible": true, "price": "75.00", "desc": "Овощи (асс.)", "category": 3}}, {"model": "main_gusto.dish", "pk": 7, "fields": {"title": "Тирамису", "photo": "media/images/dishes/15d40971-7033-49e3-a74c-adff14ac9e3d.jpg", "dish_order": 7, "is_visible": true, "price": "130.00", "desc": "Тирамису в стакане", "category": 4}}, {"model": "main_gusto.dish", "pk": 8, "fields": {"title": "Торт", "photo": "media/images/dishes/2a68817f-4a39-4dcd-8b70-47c79d160ebb.jpg", "dish_order": 8, "is_visible": true, "price": "120.00", "desc": "Торт малиновый", "category": 4}}, {"model": "main_gusto.dish", "pk": 9, "fields": {"title": "Розочки", "photo": "media/images/dishes/a66f0648-6727-4595-bd10-3f53d401429f.jpg", "dish_order": 9, "is_visible": true, "price": "70.00", "desc": "Розочки с яблоком", "category": 5}}, {"model": "main_gusto.dish", "pk": 10, "fields": {"title": "Пряники", "photo": "media/images/dishes/b054a581-4ed4-423c-a8ac-94229fd35a27.jpg", "dish_order": 10, "is_visible": true, "price": "80.00", "desc": "Пряники с начинкой", "category": 5}}, {"model": "main_gusto.dish", "pk": 11, "fields": {"title": "Печенье", "photo": "media/images/dishes/c83ba9bb-1f60-4d19-9a0a-c7d04b1b9426.jpg", "dish_order": 11, "is_visible": true, "price": "65.00", "desc": "Печенье с орехами", "category": 5}}, {"model": "main_gusto.dish", "pk": 12, "fields": {"title": "Паста", "photo": "media/images/dishes/6d11eb88-1438-4658-9b94-6fee08152f39.jpg", "dish_order": 1, "is_visible": true, "price": "100.00", "desc": "Паста на выбор", "category": 6}}, {"model": "main_gusto.dish", "pk": 13, "fields": {"title": "Морепродукты", "photo": "media/images/dishes/60c90ec7-dbf8-47dc-8759-b2aea102e7ad.jpg", "dish_order": 2, "is_visible": true, "price": "300.00", "desc": "Морепродукты (в асс.)", "category": 6}}, {"model": "main_gusto.dish", "pk": 14, "fields": {"title": "Овощная закуска", "photo": "media/images/dishes/f558455c-9439-456f-b883-8be2896f0c64.jpg", "dish_order": 1, "is_visible": true, "price": "70.00", "desc": "Овощи в стаканчиках", "category": 7}}, {"model": "main_gusto.dish", "pk": 15, "fields": {"title": "Бутерброды", "photo": "media/images/dishes/fe3351fa-7f18-407f-b169-3c6a62b30aa7.jpg", "dish_order": 2, "is_visible": true, "price": "65.00", "desc": "Набор бутербродов", "category": 7}}, {"model": "main_gusto.info", "pk": 2, "fields": {"cafe_info": "Приглашаем в наш уютный ресторан", "photo": "media/images/info/b21f75a4-1dd8-4f04-943d-a06c0c5dd74a.jpg", "is_visible": true}}, {"model": "main_gusto.team", "pk": 1, "fields": {"team_info": "Наш шеф самый лучший", "photo": "media/images/team/9b470ad3-9151-45d5-9551-9346b7abdd76.png", "is_visible": true}}, {"model": "main_gusto.phone", "pk": 1, "fields": {"phone": "+380675447777", "is_visible": true}}, {"model": "main_gusto.phone", "pk": 2, "fields": {"phone": "+380503727777", "is_visible": true}}, {"model": "main_gusto.phone", "pk": 3, "fields": {"phone": "+380503721111", "is_visible": true}}, {"model": "main_gusto.phone", "pk": 4, "fields": {"phone": "+380503723333", "is_visible": true}}, {"model": "main_gusto.address", "pk": 1, "fields": {"city": "Kyiv", "street": "Khreschatyk", "home": "5", "is_visible": true}}, {"model": "main_gusto.address", "pk": 2, "fields": {"city": "Kyiv", "street": "Saksaganskogo", "home": "8", "is_visible": true}}, {"model": "main_gusto.address", "pk": 3, "fields": {"city": "Lviv", "street": "Vyhovskoho", "home": "12", "is_visible": true}}, {"model": "main_gusto.address", "pk": 4, "fields": {"city": "Dnipro", "street": "Glinky", "home": "11", "is_visible": true}}, {"model": "main_gusto.openinghours", "pk": 1, "fields": {"day": "Понедельник", "hours_start": "12:00", "hours_end": "22:00"}}, {"model": "main_gusto.openinghours", "pk": 2, "fields": {"day": "Вторник", "hours_start": "11:00", "hours_end": "24:00"}}, {"model": "main_gusto.openinghours", "pk": 3, "fields": {"day": "Среда", "hours_start": "11:00", "hours_end": "23:00"}}, {"model": "main_gusto.openinghours", "pk": 4, "fields": {"day": "Четверг", "hours_start": "11:00", "hours_end": "22:00"}}, {"model": "main_gusto.openinghours", "pk": 5, "fields": {"day": "Пятница", "hours_start": "09:00", "hours_end": "24:00"}}, {"model": "main_gusto.openinghours", "pk": 6, "fields": {"day": "Суббота", "hours_start": "09:00", "hours_end": "24:00"}}, {"model": "main_gusto.openinghours", "pk": 7, "fields": {"day": "Воскресенье", "hours_start": "09:00", "hours_end": "24:00"}}, {"model": "main_gusto.cafeinfo", "pk": 1, "fields": {"address_id": 1, "phone_id": 1}}, {"model": "main_gusto.cafeinfo", "pk": 2, "fields": {"address_id": 2, "phone_id": 2}}, {"model": "main_gusto.cafeinfo", "pk": 3, "fields": {"address_id": 3, "phone_id": 3}}, {"model": "main_gusto.cafeinfo", "pk": 4, "fields": {"address_id": 4, "phone_id": 4}}, {"model": "main_gusto.message", "pk": 1, "fields": {"user_name": "fafa", "user_email": "affa@gmail.com", "user_message": "", "pub_date": "2021-02-25", "is_processed": false}}, {"model": "main_gusto.message", "pk": 2, "fields": {"user_name": "sgsgsagag", "user_email": "sgaga@gmail.comm", "user_message": "gagagagag", "pub_date": "2021-02-25", "is_processed": true}}, {"model": "main_gusto.message", "pk": 3, "fields": {"user_name": "sbszb", "user_email": "sgaga@gmail.comm", "user_message": "dhxbx", "pub_date": "2021-02-25", "is_processed": false}}, {"model": "main_gusto.message", "pk": 4, "fields": {"user_name": "hhh", "user_email": "affa@gmail.com", "user_message": "dhsdhs", "pub_date": "2021-02-25", "is_processed": false}}]

